{
  "scenario": "H4",
  "records": [
    {
      "impl": "upstream-direct",
      "variant": "buffered",
      "scenario": "H4",
      "machine": "local-direct",
      "concurrency": 10,
      "duration_sec": 15,
      "runs": 1,
      "rps": {
        "median": 1533.7841345438428,
        "min": 1533.7841345438428,
        "max": 1533.7841345438428
      },
      "throughput_mbps": {
        "median": 758.8288601183671,
        "min": 758.8288601183671,
        "max": 758.8288601183671
      },
      "latency_ms": {
        "p50": {
          "median": 0.041,
          "min": 0.041,
          "max": 0.041
        },
        "p95": {
          "median": 0.538,
          "min": 0.538,
          "max": 0.538
        },
        "p99": {
          "median": 23.75,
          "min": 23.75,
          "max": 23.75
        }
      },
      "error_rate": {
        "median": 1,
        "min": 1,
        "max": 1
      },
      "cpu_avg_pct": {
        "median": 0,
        "min": 0,
        "max": 0
      },
      "mem_rss_mb": {
        "median": 0,
        "min": 0,
        "max": 0
      },
      "gc_pause_ms": {
        "median": 0,
        "min": 0,
        "max": 0
      },
      "open_fds": {
        "median": 0,
        "min": 0,
        "max": 0
      },
      "notes": ""
    },
    {
      "impl": "upstream-direct",
      "variant": "buffered",
      "scenario": "H4",
      "machine": "local-direct",
      "concurrency": 100,
      "duration_sec": 15,
      "runs": 1,
      "rps": {
        "median": 672.7018776337643,
        "min": 672.7018776337643,
        "max": 672.7018776337643
      },
      "throughput_mbps": {
        "median": 407.5033549549902,
        "min": 407.5033549549902,
        "max": 407.5033549549902
      },
      "latency_ms": {
        "p50": {
          "median": 0.062,
          "min": 0.062,
          "max": 0.062
        },
        "p95": {
          "median": 44.37039999999998,
          "min": 44.37039999999998,
          "max": 44.37039999999998
        },
        "p99": {
          "median": 2070.19,
          "min": 2070.19,
          "max": 2070.19
        }
      },
      "error_rate": {
        "median": 1,
        "min": 1,
        "max": 1
      },
      "cpu_avg_pct": {
        "median": 0,
        "min": 0,
        "max": 0
      },
      "mem_rss_mb": {
        "median": 0,
        "min": 0,
        "max": 0
      },
      "gc_pause_ms": {
        "median": 0,
        "min": 0,
        "max": 0
      },
      "open_fds": {
        "median": 0,
        "min": 0,
        "max": 0
      },
      "notes": ""
    }
  ]
}