{
  "scenario": "H3",
  "records": [
    {
      "impl": "go",
      "variant": "buffered",
      "scenario": "H3",
      "machine": "MacBook-Pro",
      "concurrency": 10,
      "duration_sec": 15,
      "runs": 1,
      "rps": {
        "median": 806.5809973621217,
        "min": 806.5809973621217,
        "max": 806.5809973621217
      },
      "throughput_mbps": {
        "median": 1692.0028674733987,
        "min": 1692.0028674733987,
        "max": 1692.0028674733987
      },
      "latency_ms": {
        "p50": {
          "median": 11.561,
          "min": 11.561,
          "max": 11.561
        },
        "p95": {
          "median": 17.30025,
          "min": 17.30025,
          "max": 17.30025
        },
        "p99": {
          "median": 40.834,
          "min": 40.834,
          "max": 40.834
        }
      },
      "error_rate": {
        "median": 0,
        "min": 0,
        "max": 0
      },
      "cpu_avg_pct": {
        "median": 0,
        "min": 0,
        "max": 0
      },
      "mem_rss_mb": {
        "median": 0,
        "min": 0,
        "max": 0
      },
      "gc_pause_ms": {
        "median": 0,
        "min": 0,
        "max": 0
      },
      "open_fds": {
        "median": 0,
        "min": 0,
        "max": 0
      },
      "notes": ""
    },
    {
      "impl": "go",
      "variant": "buffered",
      "scenario": "H3",
      "machine": "MacBook-Pro",
      "concurrency": 100,
      "duration_sec": 15,
      "runs": 1,
      "rps": {
        "median": 976.0391057886795,
        "min": 976.0391057886795,
        "max": 976.0391057886795
      },
      "throughput_mbps": {
        "median": 2047.4831060508852,
        "min": 2047.4831060508852,
        "max": 2047.4831060508852
      },
      "latency_ms": {
        "p50": {
          "median": 83.966,
          "min": 83.966,
          "max": 83.966
        },
        "p95": {
          "median": 271.6955,
          "min": 271.6955,
          "max": 271.6955
        },
        "p99": {
          "median": 672.625,
          "min": 672.625,
          "max": 672.625
        }
      },
      "error_rate": {
        "median": 0,
        "min": 0,
        "max": 0
      },
      "cpu_avg_pct": {
        "median": 0,
        "min": 0,
        "max": 0
      },
      "mem_rss_mb": {
        "median": 0,
        "min": 0,
        "max": 0
      },
      "gc_pause_ms": {
        "median": 0,
        "min": 0,
        "max": 0
      },
      "open_fds": {
        "median": 0,
        "min": 0,
        "max": 0
      },
      "notes": ""
    },
    {
      "impl": "node",
      "variant": "buffered",
      "scenario": "H3",
      "machine": "MacBook-Pro",
      "concurrency": 10,
      "duration_sec": 15,
      "runs": 1,
      "rps": {
        "median": 3975.9324939120534,
        "min": 3975.9324939120534,
        "max": 3975.9324939120534
      },
      "throughput_mbps": {
        "median": 2425.492615996851,
        "min": 2425.492615996851,
        "max": 2425.492615996851
      },
      "latency_ms": {
        "p50": {
          "median": 0.016,
          "min": 0.016,
          "max": 0.016
        },
        "p95": {
          "median": 2.228,
          "min": 2.228,
          "max": 2.228
        },
        "p99": {
          "median": 53.481,
          "min": 53.481,
          "max": 53.481
        }
      },
      "error_rate": {
        "median": 1,
        "min": 1,
        "max": 1
      },
      "cpu_avg_pct": {
        "median": 0,
        "min": 0,
        "max": 0
      },
      "mem_rss_mb": {
        "median": 0,
        "min": 0,
        "max": 0
      },
      "gc_pause_ms": {
        "median": 0,
        "min": 0,
        "max": 0
      },
      "open_fds": {
        "median": 0,
        "min": 0,
        "max": 0
      },
      "notes": ""
    },
    {
      "impl": "node",
      "variant": "buffered",
      "scenario": "H3",
      "machine": "MacBook-Pro",
      "concurrency": 100,
      "duration_sec": 16,
      "runs": 1,
      "rps": {
        "median": 2443.87044227479,
        "min": 2443.87044227479,
        "max": 2443.87044227479
      },
      "throughput_mbps": {
        "median": 659.505305607065,
        "min": 659.505305607065,
        "max": 659.505305607065
      },
      "latency_ms": {
        "p50": {
          "median": 0,
          "min": 0,
          "max": 0
        },
        "p95": {
          "median": 26.516099999999994,
          "min": 26.516099999999994,
          "max": 26.516099999999994
        },
        "p99": {
          "median": 8690.579,
          "min": 8690.579,
          "max": 8690.579
        }
      },
      "error_rate": {
        "median": 1,
        "min": 1,
        "max": 1
      },
      "cpu_avg_pct": {
        "median": 0,
        "min": 0,
        "max": 0
      },
      "mem_rss_mb": {
        "median": 0,
        "min": 0,
        "max": 0
      },
      "gc_pause_ms": {
        "median": 0,
        "min": 0,
        "max": 0
      },
      "open_fds": {
        "median": 0,
        "min": 0,
        "max": 0
      },
      "notes": ""
    },
    {
      "impl": "python",
      "variant": "buffered",
      "scenario": "H3",
      "machine": "MacBook-Pro",
      "concurrency": 10,
      "duration_sec": 15,
      "runs": 1,
      "rps": {
        "median": 2911.2323030640205,
        "min": 2911.2323030640205,
        "max": 2911.2323030640205
      },
      "throughput_mbps": {
        "median": 1499.1389404591057,
        "min": 1499.1389404591057,
        "max": 1499.1389404591057
      },
      "latency_ms": {
        "p50": {
          "median": 0.013,
          "min": 0.013,
          "max": 0.013
        },
        "p95": {
          "median": 1.939,
          "min": 1.939,
          "max": 1.939
        },
        "p99": {
          "median": 115.762,
          "min": 115.762,
          "max": 115.762
        }
      },
      "error_rate": {
        "median": 1,
        "min": 1,
        "max": 1
      },
      "cpu_avg_pct": {
        "median": 0,
        "min": 0,
        "max": 0
      },
      "mem_rss_mb": {
        "median": 0,
        "min": 0,
        "max": 0
      },
      "gc_pause_ms": {
        "median": 0,
        "min": 0,
        "max": 0
      },
      "open_fds": {
        "median": 0,
        "min": 0,
        "max": 0
      },
      "notes": ""
    },
    {
      "impl": "python",
      "variant": "buffered",
      "scenario": "H3",
      "machine": "MacBook-Pro",
      "concurrency": 100,
      "duration_sec": 15,
      "runs": 1,
      "rps": {
        "median": 2204.32328486431,
        "min": 2204.32328486431,
        "max": 2204.32328486431
      },
      "throughput_mbps": {
        "median": 1440.466355235539,
        "min": 1440.466355235539,
        "max": 1440.466355235539
      },
      "latency_ms": {
        "p50": {
          "median": 0.015,
          "min": 0.015,
          "max": 0.015
        },
        "p95": {
          "median": 33.964,
          "min": 33.964,
          "max": 33.964
        },
        "p99": {
          "median": 1260.063,
          "min": 1260.063,
          "max": 1260.063
        }
      },
      "error_rate": {
        "median": 1,
        "min": 1,
        "max": 1
      },
      "cpu_avg_pct": {
        "median": 0,
        "min": 0,
        "max": 0
      },
      "mem_rss_mb": {
        "median": 0,
        "min": 0,
        "max": 0
      },
      "gc_pause_ms": {
        "median": 0,
        "min": 0,
        "max": 0
      },
      "open_fds": {
        "median": 0,
        "min": 0,
        "max": 0
      },
      "notes": ""
    }
  ]
}