{
  "scenario": "H4",
  "records": [
    {
      "impl": "go",
      "variant": "buffered",
      "scenario": "H4",
      "machine": "MacBook-Pro",
      "concurrency": 10,
      "duration_sec": 15,
      "runs": 1,
      "rps": {
        "median": 192.31261402565875,
        "min": 192.31261402565875,
        "max": 192.31261402565875
      },
      "throughput_mbps": {
        "median": 1988.6835255628534,
        "min": 1988.6835255628534,
        "max": 1988.6835255628534
      },
      "latency_ms": {
        "p50": {
          "median": 51.245,
          "min": 51.245,
          "max": 51.245
        },
        "p95": {
          "median": 120.99639999999998,
          "min": 120.99639999999998,
          "max": 120.99639999999998
        },
        "p99": {
          "median": 225.379,
          "min": 225.379,
          "max": 225.379
        }
      },
      "error_rate": {
        "median": 1,
        "min": 1,
        "max": 1
      },
      "cpu_avg_pct": {
        "median": 0,
        "min": 0,
        "max": 0
      },
      "mem_rss_mb": {
        "median": 0,
        "min": 0,
        "max": 0
      },
      "gc_pause_ms": {
        "median": 0,
        "min": 0,
        "max": 0
      },
      "open_fds": {
        "median": 0,
        "min": 0,
        "max": 0
      },
      "notes": ""
    },
    {
      "impl": "go",
      "variant": "buffered",
      "scenario": "H4",
      "machine": "MacBook-Pro",
      "concurrency": 100,
      "duration_sec": 15,
      "runs": 1,
      "rps": {
        "median": 227.58439853400046,
        "min": 227.58439853400046,
        "max": 227.58439853400046
      },
      "throughput_mbps": {
        "median": 2021.2798283690092,
        "min": 2021.2798283690092,
        "max": 2021.2798283690092
      },
      "latency_ms": {
        "p50": {
          "median": 83.771,
          "min": 83.771,
          "max": 83.771
        },
        "p95": {
          "median": 864.6514999999999,
          "min": 864.6514999999999,
          "max": 864.6514999999999
        },
        "p99": {
          "median": 2441.088,
          "min": 2441.088,
          "max": 2441.088
        }
      },
      "error_rate": {
        "median": 1,
        "min": 1,
        "max": 1
      },
      "cpu_avg_pct": {
        "median": 0,
        "min": 0,
        "max": 0
      },
      "mem_rss_mb": {
        "median": 0,
        "min": 0,
        "max": 0
      },
      "gc_pause_ms": {
        "median": 0,
        "min": 0,
        "max": 0
      },
      "open_fds": {
        "median": 0,
        "min": 0,
        "max": 0
      },
      "notes": ""
    },
    {
      "impl": "node",
      "variant": "buffered",
      "scenario": "H4",
      "machine": "MacBook-Pro",
      "concurrency": 10,
      "duration_sec": 15,
      "runs": 1,
      "rps": {
        "median": 345.9879306102575,
        "min": 345.9879306102575,
        "max": 345.9879306102575
      },
      "throughput_mbps": {
        "median": 3626.9751439609204,
        "min": 3626.9751439609204,
        "max": 3626.9751439609204
      },
      "latency_ms": {
        "p50": {
          "median": 31.341,
          "min": 31.341,
          "max": 31.341
        },
        "p95": {
          "median": 53.51414999999998,
          "min": 53.51414999999998,
          "max": 53.51414999999998
        },
        "p99": {
          "median": 164.21,
          "min": 164.21,
          "max": 164.21
        }
      },
      "error_rate": {
        "median": 1,
        "min": 1,
        "max": 1
      },
      "cpu_avg_pct": {
        "median": 0,
        "min": 0,
        "max": 0
      },
      "mem_rss_mb": {
        "median": 0,
        "min": 0,
        "max": 0
      },
      "gc_pause_ms": {
        "median": 0,
        "min": 0,
        "max": 0
      },
      "open_fds": {
        "median": 0,
        "min": 0,
        "max": 0
      },
      "notes": ""
    },
    {
      "impl": "node",
      "variant": "buffered",
      "scenario": "H4",
      "machine": "MacBook-Pro",
      "concurrency": 100,
      "duration_sec": 15,
      "runs": 1,
      "rps": {
        "median": 340.02519927852256,
        "min": 340.02519927852256,
        "max": 340.02519927852256
      },
      "throughput_mbps": {
        "median": 3327.5318458228785,
        "min": 3327.5318458228785,
        "max": 3327.5318458228785
      },
      "latency_ms": {
        "p50": {
          "median": 86.542,
          "min": 86.542,
          "max": 86.542
        },
        "p95": {
          "median": 140.0198,
          "min": 140.0198,
          "max": 140.0198
        },
        "p99": {
          "median": 1462.023,
          "min": 1462.023,
          "max": 1462.023
        }
      },
      "error_rate": {
        "median": 1,
        "min": 1,
        "max": 1
      },
      "cpu_avg_pct": {
        "median": 0,
        "min": 0,
        "max": 0
      },
      "mem_rss_mb": {
        "median": 0,
        "min": 0,
        "max": 0
      },
      "gc_pause_ms": {
        "median": 0,
        "min": 0,
        "max": 0
      },
      "open_fds": {
        "median": 0,
        "min": 0,
        "max": 0
      },
      "notes": ""
    },
    {
      "impl": "python",
      "variant": "buffered",
      "scenario": "H4",
      "machine": "MacBook-Pro",
      "concurrency": 10,
      "duration_sec": 15,
      "runs": 1,
      "rps": {
        "median": 336.8718626978407,
        "min": 336.8718626978407,
        "max": 336.8718626978407
      },
      "throughput_mbps": {
        "median": 3522.331978971851,
        "min": 3522.331978971851,
        "max": 3522.331978971851
      },
      "latency_ms": {
        "p50": {
          "median": 36.329499999999996,
          "min": 36.329499999999996,
          "max": 36.329499999999996
        },
        "p95": {
          "median": 69.06034999999999,
          "min": 69.06034999999999,
          "max": 69.06034999999999
        },
        "p99": {
          "median": 156.229,
          "min": 156.229,
          "max": 156.229
        }
      },
      "error_rate": {
        "median": 1,
        "min": 1,
        "max": 1
      },
      "cpu_avg_pct": {
        "median": 0,
        "min": 0,
        "max": 0
      },
      "mem_rss_mb": {
        "median": 0,
        "min": 0,
        "max": 0
      },
      "gc_pause_ms": {
        "median": 0,
        "min": 0,
        "max": 0
      },
      "open_fds": {
        "median": 0,
        "min": 0,
        "max": 0
      },
      "notes": ""
    },
    {
      "impl": "python",
      "variant": "buffered",
      "scenario": "H4",
      "machine": "MacBook-Pro",
      "concurrency": 100,
      "duration_sec": 16,
      "runs": 1,
      "rps": {
        "median": 231.43082541625895,
        "min": 231.43082541625895,
        "max": 231.43082541625895
      },
      "throughput_mbps": {
        "median": 2139.5001524769878,
        "min": 2139.5001524769878,
        "max": 2139.5001524769878
      },
      "latency_ms": {
        "p50": {
          "median": 76.012,
          "min": 76.012,
          "max": 76.012
        },
        "p95": {
          "median": 1112.9,
          "min": 1112.9,
          "max": 1112.9
        },
        "p99": {
          "median": 1814.112,
          "min": 1814.112,
          "max": 1814.112
        }
      },
      "error_rate": {
        "median": 1,
        "min": 1,
        "max": 1
      },
      "cpu_avg_pct": {
        "median": 0,
        "min": 0,
        "max": 0
      },
      "mem_rss_mb": {
        "median": 0,
        "min": 0,
        "max": 0
      },
      "gc_pause_ms": {
        "median": 0,
        "min": 0,
        "max": 0
      },
      "open_fds": {
        "median": 0,
        "min": 0,
        "max": 0
      },
      "notes": ""
    },
    {
      "impl": "rust",
      "variant": "buffered",
      "scenario": "H4",
      "machine": "MacBook-Pro",
      "concurrency": 10,
      "duration_sec": 15,
      "runs": 1,