{
  "scenario": "H5",
  "records": [
    {
      "impl": "go",
      "variant": "buffered",
      "scenario": "H5",
      "machine": "tencent-epyc",
      "concurrency": 10,
      "duration_sec": 30,
      "runs": 1,
      "rps": {
        "median": 23121.81540466827,
        "min": 23121.81540466827,
        "max": 23121.81540466827
      },
      "throughput_mbps": {
        "median": 8.19682889103284,
        "min": 8.19682889103284,
        "max": 8.19682889103284
      },
      "latency_ms": {
        "p50": {
          "median": 0.28211,
          "min": 0.28211,
          "max": 0.28211
        },
        "p95": {
          "median": 0.69928855,
          "min": 0.69928855,
          "max": 0.69928855
        },
        "p99": {
          "median": 23.294022,
          "min": 23.294022,
          "max": 23.294022
        }
      },
      "error_rate": {
        "median": 0.5010494903916848,
        "min": 0.5010494903916848,
        "max": 0.5010494903916848
      },
      "cpu_avg_pct": {
        "median": 0,
        "min": 0,
        "max": 0
      },
      "mem_rss_mb": {
        "median": 0,
        "min": 0,
        "max": 0
      },
      "gc_pause_ms": {
        "median": 0,
        "min": 0,
        "max": 0
      },
      "open_fds": {
        "median": 0,
        "min": 0,
        "max": 0
      },
      "notes": "",
      "valid": true,
      "invalid_reason": ""
    },
    {
      "impl": "go",
      "variant": "buffered",
      "scenario": "H5",
      "machine": "tencent-epyc",
      "concurrency": 100,
      "duration_sec": 30,
      "runs": 1,
      "rps": {
        "median": 29877.742092829012,
        "min": 29877.742092829012,
        "max": 29877.742092829012
      },
      "throughput_mbps": {
        "median": 10.59178280420844,
        "min": 10.59178280420844,
        "max": 10.59178280420844
      },
      "latency_ms": {
        "p50": {
          "median": 2.150966,
          "min": 2.150966,
          "max": 2.150966
        },
        "p95": {
          "median": 9.138988,
          "min": 9.138988,
          "max": 9.138988
        },
        "p99": {
          "median": 139.620806,
          "min": 139.620806,
          "max": 139.620806
        }
      },
      "error_rate": {
        "median": 0.4993792256439488,
        "min": 0.4993792256439488,
        "max": 0.4993792256439488
      },
      "cpu_avg_pct": {
        "median": 0,
        "min": 0,
        "max": 0
      },
      "mem_rss_mb": {
        "median": 0,
        "min": 0,
        "max": 0
      },
      "gc_pause_ms": {
        "median": 0,
        "min": 0,
        "max": 0
      },
      "open_fds": {
        "median": 0,
        "min": 0,
        "max": 0
      },
      "notes": "",
      "valid": true,
      "invalid_reason": ""
    },
    {
      "impl": "node",
      "variant": "buffered",
      "scenario": "H5",
      "machine": "tencent-epyc",
      "concurrency": 10,
      "duration_sec": 30,
      "runs": 1,
      "rps": {
        "median": 5578.360442517266,
        "min": 5578.360442517266,
        "max": 5578.360442517266
      },
      "throughput_mbps": {
        "median": 2.312231236720955,
        "min": 2.312231236720955,
        "max": 2.312231236720955
      },
      "latency_ms": {
        "p50": {
          "median": 1.69943,
          "min": 1.69943,
          "max": 1.69943
        },
        "p95": {
          "median": 3.4843038499999976,
          "min": 3.4843038499999976,
          "max": 3.4843038499999976
        },
        "p99": {
          "median": 51.146782,
          "min": 51.146782,
          "max": 51.146782
        }
      },
      "error_rate": {
        "median": 0,
        "min": 0,
        "max": 0
      },
      "cpu_avg_pct": {
        "median": 0,
        "min": 0,
        "max": 0
      },
      "mem_rss_mb": {
        "median": 0,
        "min": 0,
        "max": 0
      },
      "gc_pause_ms": {
        "median": 0,
        "min": 0,
        "max": 0
      },
      "open_fds": {
        "median": 0,
        "min": 0,
        "max": 0
      },
      "notes": "",
      "valid": true,
      "invalid_reason": ""
    },
    {
      "impl": "node",
      "variant": "buffered",
      "scenario": "H5",
      "machine": "tencent-epyc",
      "concurrency": 100,
      "duration_sec": 30,
      "runs": 1,
      "rps": {
        "median": 5452.183312529093,
        "min": 5452.183312529093,
        "max": 5452.183312529093
      },
      "throughput_mbps": {
        "median": 2.2599232694755758,
        "min": 2.2599232694755758,
        "max": 2.2599232694755758
      },
      "latency_ms": {
        "p50": {
          "median": 18.300933,
          "min": 18.300933,
          "max": 18.300933
        },
        "p95": {
          "median": 31.722568,
          "min": 31.722568,
          "max": 31.722568
        },
        "p99": {
          "median": 1118.717145,
          "min": 1118.717145,
          "max": 1118.717145
        }
      },
      "error_rate": {
        "median": 0,
        "min": 0,
        "max": 0
      },
      "cpu_avg_pct": {
        "median": 0,
        "min": 0,
        "max": 0
      },
      "mem_rss_mb": {
        "median": 0,
        "min": 0,
        "max": 0
      },
      "gc_pause_ms": {
        "median": 0,
        "min": 0,
        "max": 0
      },
      "open_fds": {
        "median": 0,
        "min": 0,
        "max": 0
      },
      "notes": "",
      "valid": true,
      "invalid_reason": ""
    },
    {
      "impl": "python",
      "variant": "buffered",
      "scenario": "H5",
      "machine": "tencent-epyc",
      "concurrency": 10,
      "duration_sec": 30,
      "runs": 1,
      "rps": {
        "median": 1705.5731818495437,
        "min": 1705.5731818495437,
        "max": 1705.5731818495437
      },
      "throughput_mbps": {
        "median": 0.6285084277523054,
        "min": 0.6285084277523054,
        "max": 0.6285084277523054
      },
      "latency_ms": {
        "p50": {
          "median": 1.203312,
          "min": 1.203312,
          "max": 1.203312
        },
        "p95": {
          "median": 43.680509,
          "min": 43.680509,
          "max": 43.680509
        },
        "p99": {
          "median": 51.69818,
          "min": 51.69818,
          "max": 51.69818
        }
      },
      "error_rate": {
        "median": 0,
        "min": 0,
        "max": 0
      },
      "cpu_avg_pct": {
        "median": 0,
        "min": 0,
        "max": 0
      },
      "mem_rss_mb": {
        "median": 0,
        "min": 0,
        "max": 0
      },
      "gc_pause_ms": {
        "median": 0,
        "min": 0,
        "max": 0
      },
      "open_fds": {
        "median": 0,
        "min": 0,
        "max": 0
      },
      "notes": "",
      "valid": true,
      "invalid_reason": ""
    },
    {
      "impl": "python",
      "variant": "buffered",
      "scenario": "H5",
      "machine": "tencent-epyc",
      "concurrency": 100,
      "duration_sec": 30,
      "runs": 1,
      "rps": {
        "median": 3512.929263737703,
        "min": 3512.929263737703,
        "max": 3512.929263737703
      },
      "throughput_mbps": {
        "median": 1.2945111767284607,
        "min": 1.2945111767284607,
        "max": 1.2945111767284607
      },
      "latency_ms": {
        "p50": {
          "median": 6.5144795,
          "min": 6.5144795,
          "max": 6.5144795
        },
        "p95": {
          "median": 95.81444129999997,
          "min": 95.81444129999997,
          "max": 95.81444129999997
        },
        "p99": {
          "median": 2962.805768,
          "min": 2962.805768,
          "max": 2962.805768
        }
      },
      "error_rate": {
        "median": 0,
        "min": 0,
        "max": 0
      },
      "cpu_avg_pct": {
        "median": 0,
        "min": 0,
        "max": 0
      },
      "mem_rss_mb": {
        "median": 0,
        "min": 0,
        "max": 0
      },
      "gc_pause_ms": {
        "median": 0,
        "min": 0,