{
  "scenario": "H3",
  "records": [
    {
      "impl": "go",
      "variant": "opt",
      "scenario": "H3",
      "machine": "optimized",
      "concurrency": 100,
      "duration_sec": 15,
      "runs": 1,
      "rps": {
        "median": 974.1806371182047,
        "min": 974.1806371182047,
        "max": 974.1806371182047
      },
      "throughput_mbps": {
        "median": 813.6430548866507,
        "min": 813.6430548866507,
        "max": 813.6430548866507
      },
      "latency_ms": {
        "p50": {
          "median": 0.978,
          "min": 0.978,
          "max": 0.978
        },
        "p95": {
          "median": 39.734899999999996,
          "min": 39.734899999999996,
          "max": 39.734899999999996
        },
        "p99": {
          "median": 312.715,
          "min": 312.715,
          "max": 312.715
        }
      },
      "error_rate": {
        "median": 1,
        "min": 1,
        "max": 1
      },
      "cpu_avg_pct": {
        "median": 0,
        "min": 0,
        "max": 0
      },
      "mem_rss_mb": {
        "median": 0,
        "min": 0,
        "max": 0
      },
      "gc_pause_ms": {
        "median": 0,
        "min": 0,
        "max": 0
      },
      "open_fds": {
        "median": 0,
        "min": 0,
        "max": 0
      },
      "notes": ""
    },
    {
      "impl": "node",
      "variant": "opt",
      "scenario": "H3",
      "machine": "optimized",
      "concurrency": 100,
      "duration_sec": 15,
      "runs": 1,
      "rps": {
        "median": 968.7950122450928,
        "min": 968.7950122450928,
        "max": 968.7950122450928
      },
      "throughput_mbps": {
        "median": 802.3349139452154,
        "min": 802.3349139452154,
        "max": 802.3349139452154
      },
      "latency_ms": {
        "p50": {
          "median": 1.114,
          "min": 1.114,
          "max": 1.114
        },
        "p95": {
          "median": 40.3782,
          "min": 40.3782,
          "max": 40.3782
        },
        "p99": {
          "median": 318.985,
          "min": 318.985,
          "max": 318.985
        }
      },
      "error_rate": {
        "median": 1,
        "min": 1,
        "max": 1
      },
      "cpu_avg_pct": {
        "median": 0,
        "min": 0,
        "max": 0
      },
      "mem_rss_mb": {
        "median": 0,
        "min": 0,
        "max": 0
      },
      "gc_pause_ms": {
        "median": 0,
        "min": 0,
        "max": 0
      },
      "open_fds": {
        "median": 0,
        "min": 0,
        "max": 0
      },
      "notes": ""
    },
    {
      "impl": "python",
      "variant": "opt",
      "scenario": "H3",
      "machine": "optimized",
      "concurrency": 100,
      "duration_sec": 15,
      "runs": 1,
      "rps": {
        "median": 1078.208990485807,
        "min": 1078.208990485807,
        "max": 1078.208990485807
      },
      "throughput_mbps": {
        "median": 876.3942011127789,
        "min": 876.3942011127789,
        "max": 876.3942011127789
      },
      "latency_ms": {
        "p50": {
          "median": 0.751,
          "min": 0.751,
          "max": 0.751
        },
        "p95": {
          "median": 45.30879999999999,
          "min": 45.30879999999999,
          "max": 45.30879999999999
        },
        "p99": {
          "median": 510.411,
          "min": 510.411,
          "max": 510.411
        }
      },
      "error_rate": {
        "median": 1,
        "min": 1,
        "max": 1
      },
      "cpu_avg_pct": {
        "median": 0,
        "min": 0,
        "max": 0
      },
      "mem_rss_mb": {
        "median": 0,
        "min": 0,
        "max": 0
      },
      "gc_pause_ms": {
        "median": 0,
        "min": 0,
        "max": 0
      },
      "open_fds": {
        "median": 0,
        "min": 0,
        "max": 0
      },
      "notes": ""
    },
    {
      "impl": "rust",
      "variant": "opt",
      "scenario": "H3",
      "machine": "optimized",
      "concurrency": 100,
      "duration_sec": 15,
      "runs": 1,
      "rps": {
        "median": 979.4004900547197,
        "min": 979.4004900547197,
        "max": 979.4004900547197
      },
      "throughput_mbps": {
        "median": 809.3613471850671,
        "min": 809.3613471850671,
        "max": 809.3613471850671
      },
      "latency_ms": {
        "p50": {
          "median": 1.6945000000000001,
          "min": 1.6945000000000001,
          "max": 1.6945000000000001
        },
        "p95": {
          "median": 40.577099999999994,
          "min": 40.577099999999994,
          "max": 40.577099999999994
        },
        "p99": {
          "median": 287.742,
          "min": 287.742,
          "max": 287.742
        }
      },
      "error_rate": {
        "median": 1,
        "min": 1,
        "max": 1
      },
      "cpu_avg_pct": {
        "median": 0,
        "min": 0,
        "max": 0
      },
      "mem_rss_mb": {
        "median": 0,
        "min": 0,
        "max": 0
      },
      "gc_pause_ms": {
        "median": 0,
        "min": 0,
        "max": 0
      },
      "open_fds": {
        "median": 0,
        "min": 0,
        "max": 0
      },
      "notes": ""
    }
  ]
}