{
  "scenario": "H3",
  "records": [
    {
      "impl": "rust-hyper",
      "variant": "buffered",
      "scenario": "H3",
      "machine": "rust-hyper",
      "concurrency": 100,
      "duration_sec": 15,
      "runs": 1,
      "rps": {
        "median": 997.9803091615038,
        "min": 997.9803091615038,
        "max": 997.9803091615038
      },
      "throughput_mbps": {
        "median": 828.5730260160566,
        "min": 828.5730260160566,
        "max": 828.5730260160566
      },
      "latency_ms": {
        "p50": {
          "median": 1.657,
          "min": 1.657,
          "max": 1.657
        },
        "p95": {
          "median": 42.528499999999994,
          "min": 42.528499999999994,
          "max": 42.528499999999994
        },
        "p99": {
          "median": 277.584,
          "min": 277.584,
          "max": 277.584
        }
      },
      "error_rate": {
        "median": 1,
        "min": 1,
        "max": 1
      },
      "cpu_avg_pct": {
        "median": 0,
        "min": 0,
        "max": 0
      },
      "mem_rss_mb": {
        "median": 0,
        "min": 0,
        "max": 0
      },
      "gc_pause_ms": {
        "median": 0,
        "min": 0,
        "max": 0
      },
      "open_fds": {
        "median": 0,
        "min": 0,
        "max": 0
      },
      "notes": ""
    }
  ]
}