{
  "scenario": "H3",
  "records": [
    {
      "impl": "go",
      "variant": "buffered",
      "scenario": "H3",
      "machine": "valid",
      "concurrency": 10,
      "duration_sec": 15,
      "runs": 1,
      "rps": {
        "median": 612.7192548491672,
        "min": 612.7192548491672,
        "max": 612.7192548491672
      },
      "throughput_mbps": {
        "median": 1285.329978702076,
        "min": 1285.329978702076,
        "max": 1285.329978702076
      },
      "latency_ms": {
        "p50": {
          "median": 14.9035,
          "min": 14.9035,
          "max": 14.9035
        },
        "p95": {
          "median": 24.801499999999997,
          "min": 24.801499999999997,
          "max": 24.801499999999997
        },
        "p99": {
          "median": 73.828,
          "min": 73.828,
          "max": 73.828
        }
      },
      "error_rate": {
        "median": 0,
        "min": 0,
        "max": 0
      },
      "cpu_avg_pct": {
        "median": 0,
        "min": 0,
        "max": 0
      },
      "mem_rss_mb": {
        "median": 0,
        "min": 0,
        "max": 0
      },
      "gc_pause_ms": {
        "median": 0,
        "min": 0,
        "max": 0
      },
      "open_fds": {
        "median": 0,
        "min": 0,
        "max": 0
      },
      "notes": "",
      "valid": true,
      "invalid_reason": ""
    },
    {
      "impl": "go",
      "variant": "buffered",
      "scenario": "H3",
      "machine": "valid",
      "concurrency": 100,
      "duration_sec": 15,
      "runs": 1,
      "rps": {
        "median": 831.861330354614,
        "min": 831.861330354614,
        "max": 831.861330354614
      },
      "throughput_mbps": {
        "median": 1745.0346101674004,
        "min": 1745.0346101674004,
        "max": 1745.0346101674004
      },
      "latency_ms": {
        "p50": {
          "median": 72.858,
          "min": 72.858,
          "max": 72.858
        },
        "p95": {
          "median": 377.144,
          "min": 377.144,
          "max": 377.144
        },
        "p99": {
          "median": 1161.352,
          "min": 1161.352,
          "max": 1161.352
        }
      },
      "error_rate": {
        "median": 0,
        "min": 0,
        "max": 0
      },
      "cpu_avg_pct": {
        "median": 0,
        "min": 0,
        "max": 0
      },
      "mem_rss_mb": {
        "median": 0,
        "min": 0,
        "max": 0
      },
      "gc_pause_ms": {
        "median": 0,
        "min": 0,
        "max": 0
      },
      "open_fds": {
        "median": 0,
        "min": 0,
        "max": 0
      },
      "notes": "",
      "valid": true,
      "invalid_reason": ""
    }
  ]
}