{
  "scenario": "H6",
  "records": [
    {
      "impl": "go",
      "variant": "buffered",
      "scenario": "H6",
      "machine": "valid",
      "concurrency": 10,
      "duration_sec": 23,
      "runs": 1,
      "rps": {
        "median": 0.6145568680636831,
        "min": 0.6145568680636831,
        "max": 0.6145568680636831
      },
      "throughput_mbps": {
        "median": 6.4442285691509475,
        "min": 6.4442285691509475,
        "max": 6.4442285691509475
      },
      "latency_ms": {
        "p50": {
          "median": 14217.064999999999,
          "min": 14217.064999999999,
          "max": 14217.064999999999
        },
        "p95": {
          "median": 17606.9523,
          "min": 17606.9523,
          "max": 17606.9523
        },
        "p99": {
          "median": 18227.896,
          "min": 18227.896,
          "max": 18227.896
        }
      },
      "error_rate": {
        "median": 0,
        "min": 0,
        "max": 0
      },
      "cpu_avg_pct": {
        "median": 0,
        "min": 0,
        "max": 0
      },
      "mem_rss_mb": {
        "median": 0,
        "min": 0,
        "max": 0
      },
      "gc_pause_ms": {
        "median": 0,
        "min": 0,
        "max": 0
      },
      "open_fds": {
        "median": 0,
        "min": 0,
        "max": 0
      },
      "notes": "",
      "valid": true,
      "invalid_reason": ""
    },
    {
      "impl": "go",
      "variant": "buffered",
      "scenario": "H6",
      "machine": "valid",
      "concurrency": 100,
      "duration_sec": 30,
      "runs": 1,
      "rps": {
        "median": 0.2667629680981501,
        "min": 0.2667629680981501,
        "max": 0.2667629680981501
      },
      "throughput_mbps": {
        "median": 14.162656485657989,
        "min": 14.162656485657989,
        "max": 14.162656485657989
      },
      "latency_ms": {
        "p50": {
          "median": 26071.431,
          "min": 26071.431,
          "max": 26071.431
        },
        "p95": {
          "median": 29383.67445,
          "min": 29383.67445,
          "max": 29383.67445
        },
        "p99": {
          "median": 29570.936,
          "min": 29570.936,
          "max": 29570.936
        }
      },
      "error_rate": {
        "median": 0,
        "min": 0,
        "max": 0
      },
      "cpu_avg_pct": {
        "median": 0,
        "min": 0,
        "max": 0
      },
      "mem_rss_mb": {
        "median": 0,
        "min": 0,
        "max": 0
      },
      "gc_pause_ms": {
        "median": 0,
        "min": 0,
        "max": 0
      },
      "open_fds": {
        "median": 0,
        "min": 0,
        "max": 0
      },
      "notes": "",
      "valid": true,
      "invalid_reason": ""
    }
  ]
}