{
  "scenario": "H6",
  "records": [
    {
      "impl": "go",
      "variant": "buffered",
      "scenario": "H6",
      "machine": "valid",
      "concurrency": 10,
      "duration_sec": 15,
      "runs": 1,
      "rps": {
        "median": 360.9883894047778,
        "min": 360.9883894047778,
        "max": 360.9883894047778
      },
      "throughput_mbps": {
        "median": 3785.304035948693,
        "min": 3785.304035948693,
        "max": 3785.304035948693
      },
      "latency_ms": {
        "p50": {
          "median": 27.2305,
          "min": 27.2305,
          "max": 27.2305
        },
        "p95": {
          "median": 33.10265,
          "min": 33.10265,
          "max": 33.10265
        },
        "p99": {
          "median": 213.797,
          "min": 213.797,
          "max": 213.797
        }
      },
      "error_rate": {
        "median": 0,
        "min": 0,
        "max": 0
      },
      "cpu_avg_pct": {
        "median": 0,
        "min": 0,
        "max": 0
      },
      "mem_rss_mb": {
        "median": 0,
        "min": 0,
        "max": 0
      },
      "gc_pause_ms": {
        "median": 0,
        "min": 0,
        "max": 0
      },
      "open_fds": {
        "median": 0,
        "min": 0,
        "max": 0
      },
      "notes": "",
      "valid": true,
      "invalid_reason": ""
    },
    {
      "impl": "go",
      "variant": "buffered",
      "scenario": "H6",
      "machine": "valid",
      "concurrency": 100,
      "duration_sec": 15,
      "runs": 1,
      "rps": {
        "median": 250.15063815801489,
        "min": 250.15063815801489,
        "max": 250.15063815801489
      },
      "throughput_mbps": {
        "median": 2623.065583289207,
        "min": 2623.065583289207,
        "max": 2623.065583289207
      },
      "latency_ms": {
        "p50": {
          "median": 308.87199999999996,
          "min": 308.87199999999996,
          "max": 308.87199999999996
        },
        "p95": {
          "median": 925.497,
          "min": 925.497,
          "max": 925.497
        },
        "p99": {
          "median": 5780.294,
          "min": 5780.294,
          "max": 5780.294
        }
      },
      "error_rate": {
        "median": 0,
        "min": 0,
        "max": 0
      },
      "cpu_avg_pct": {
        "median": 0,
        "min": 0,
        "max": 0
      },
      "mem_rss_mb": {
        "median": 0,
        "min": 0,
        "max": 0
      },
      "gc_pause_ms": {
        "median": 0,
        "min": 0,
        "max": 0
      },
      "open_fds": {
        "median": 0,
        "min": 0,
        "max": 0
      },
      "notes": "",
      "valid": true,
      "invalid_reason": ""
    },
    {
      "impl": "node",
      "variant": "buffered",
      "scenario": "H6",
      "machine": "valid",
      "concurrency": 10,
      "duration_sec": 15,
      "runs": 1,
      "rps": {
        "median": 168.82199402303678,
        "min": 168.82199402303678,
        "max": 168.82199402303678
      },
      "throughput_mbps": {
        "median": 1770.2660787496116,
        "min": 1770.2660787496116,
        "max": 1770.2660787496116
      },
      "latency_ms": {
        "p50": {
          "median": 51.6465,
          "min": 51.6465,
          "max": 51.6465
        },
        "p95": {
          "median": 119.07314999999997,
          "min": 119.07314999999997,
          "max": 119.07314999999997
        },
        "p99": {
          "median": 224.928,
          "min": 224.928,
          "max": 224.928
        }
      },
      "error_rate": {
        "median": 0,
        "min": 0,
        "max": 0
      },
      "cpu_avg_pct": {
        "median": 0,
        "min": 0,
        "max": 0
      },
      "mem_rss_mb": {
        "median": 0,
        "min": 0,
        "max": 0
      },
      "gc_pause_ms": {
        "median": 0,
        "min": 0,
        "max": 0
      },
      "open_fds": {
        "median": 0,
        "min": 0,
        "max": 0
      },
      "notes": "",
      "valid": true,
      "invalid_reason": ""
    },
    {
      "impl": "node",
      "variant": "buffered",
      "scenario": "H6",
      "machine": "valid",
      "concurrency": 100,
      "duration_sec": 15,
      "runs": 1,
      "rps": {
        "median": 195.66869139997982,
        "min": 195.66869139997982,
        "max": 195.66869139997982
      },
      "throughput_mbps": {
        "median": 2051.7803326706576,
        "min": 2051.7803326706576,
        "max": 2051.7803326706576
      },
      "latency_ms": {
        "p50": {
          "median": 497.201,
          "min": 497.201,
          "max": 497.201
        },
        "p95": {
          "median": 644.5679999999998,
          "min": 644.5679999999998,
          "max": 644.5679999999998
        },
        "p99": {
          "median": 2757.3,
          "min": 2757.3,
          "max": 2757.3
        }
      },
      "error_rate": {
        "median": 0,
        "min": 0,
        "max": 0
      },
      "cpu_avg_pct": {
        "median": 0,
        "min": 0,
        "max": 0
      },
      "mem_rss_mb": {
        "median": 0,
        "min": 0,
        "max": 0
      },
      "gc_pause_ms": {
        "median": 0,
        "min": 0,
        "max": 0
      },
      "open_fds": {
        "median": 0,
        "min": 0,
        "max": 0
      },
      "notes": "",
      "valid": true,
      "invalid_reason": ""
    },
    {
      "impl": "python",
      "variant": "buffered",
      "scenario": "H6",
      "machine": "valid",
      "concurrency": 10,
      "duration_sec": 15,
      "runs": 1,
      "rps": {
        "median": 215.9601175918798,
        "min": 215.9601175918798,
        "max": 215.9601175918798
      },
      "throughput_mbps": {
        "median": 2264.556065387511,
        "min": 2264.556065387511,
        "max": 2264.556065387511
      },
      "latency_ms": {
        "p50": {
          "median": 45.69,
          "min": 45.69,
          "max": 45.69
        },
        "p95": {
          "median": 51.06485,
          "min": 51.06485,
          "max": 51.06485
        },
        "p99": {
          "median": 83.74,
          "min": 83.74,
          "max": 83.74
        }
      },
      "error_rate": {
        "median": 0,
        "min": 0,
        "max": 0
      },
      "cpu_avg_pct": {
        "median": 0,
        "min": 0,
        "max": 0
      },
      "mem_rss_mb": {
        "median": 0,
        "min": 0,
        "max": 0
      },
      "gc_pause_ms": {
        "median": 0,
        "min": 0,
        "max": 0
      },
      "open_fds": {
        "median": 0,
        "min": 0,
        "max": 0
      },
      "notes": "",
      "valid": true,
      "invalid_reason": ""
    },
    {
      "impl": "python",
      "variant": "buffered",
      "scenario": "H6",
      "machine": "valid",
      "concurrency": 100,
      "duration_sec": 15,
      "runs": 1,
      "rps": {
        "median": 196.50833322217383,
        "min": 196.50833322217383,
        "max": 196.50833322217383
      },
      "throughput_mbps": {
        "median": 2060.584810101049,
        "min": 2060.584810101049,
        "max": 2060.584810101049
      },
      "latency_ms": {
        "p50": {
          "median": 510.05449999999996,
          "min": 510.05449999999996,
          "max": 510.05449999999996
        },
        "p95": {
          "median": 576.43255,
          "min": 576.43255,
          "max": 576.43255
        },
        "p99": {
          "median": 1537.05,
          "min": 1537.05,
          "max": 1537.05
        }
      },
      "error_rate": {
        "median": 0,
        "min": 0,
        "max": 0
      },
      "cpu_avg_pct": {
        "median": 0,
        "min": 0,
        "max": 0
      },
      "mem_rss_mb": {
        "median": 0,
        "min": 0,
        "max": 0
      },
      "gc_pause_ms": {
        "median": 0,
        "min": 0,
        "max": 0
      },
      "open_fds": {
        "median": 0,
        "min": 0,
        "max": 0
      },
      "notes": "",
      "valid": true,